22861213,RUBEN,GIL,14
35566056,MANUELA,RUBIO,52
52588909,JOSE CARLOS,DELGADO,17
86579607,IVAN,ALVAREZ,51
34421168,JOSE ANGEL,MORENO,36
53333605,TERESA,VELASCO,92
90775752,AMPARO,GIL,51
52643135,CONSUELO,GOMEZ,36
64065827,JAVIER,ROMAN,63
39523470,RICARDO,GARRIDO,57
44348965,MIGUEL,VICENTE,78
63877216,JOSE IGNACIO,CANO,41
16303871,ROSA MARIA,SANTANA,54
59829617,CARLA,DIAZ,77
33680645,PABLO,LOPEZ,42
45663567,SERGIO,GUERRERO,47
54255998,INES,FUENTES,10
36468626,JOSE MARIA,MORENO,100
39892793,MIRIAM,ROJAS,83
13258013,NURIA,BRAVO,95
57158028,SALVADOR,GIMENEZ,28
30785016,DOLORES,MARIN,32
11508777,GONZALO,VIDAL,33
54945416,CONCEPCION,LEON,53
76414805,JESUS,FERRER,47
74742989,FRANCISCO,SANCHEZ,29
55297373,MARIA CARMEN,AGUILAR,68
47603692,FELIX,VARGAS,52
59122527,FRANCISCO,RAMOS,35
84159090,EMILIO,GARCIA,50
67907569,CONSUELO,CRUZ,33
80118335,RAMON,REYES,55
13859363,LUISA,HERRERA,12
14015388,MIGUEL ANGEL,SANTOS,48
21643744,MARIA DOLORES,SANTIAGO,43
12134034,JOSE RAMON,MOLINA,84
39257623,ISMAEL,ROJAS,80
56036290,AURORA,ROJAS,72
13240492,FELIX,LEON,31
70588885,MARIA ANGELES,ROMERO,90
67478990,MARIA MERCEDES,DOMINGUEZ,20
51252461,ROBERTO,SAEZ,70
82201016,INMACULADA,DOMINGUEZ,73
12248877,GLORIA,NIETO,34
29335568,FRANCISCO,ROJAS,42
91544727,ANTONIA,CASTILLO,42
13186487,JUAN MANUEL,NUÑEZ,18
71408258,AITOR,GUERRERO,64
68379414,INES,HIDALGO,63
19226376,MARIO,PEÑA,74
45033238,MOHAMED,VEGA,35
57555731,JUANA,GALLEGO,20
88967431,ELENA,GIL,69
50662536,EMILIO,CABALLERO,89
36745911,ISMAEL,MONTERO,10
48137291,EVA,GIMENEZ,25
36859093,IGNACIO,PASTOR,33
96667807,ALFREDO,VIDAL,74
13639856,PEDRO,SAEZ,31
33214009,NEREA,ROJAS,64
76868099,MARC,ORTIZ,26
68366254,JUAN CARLOS,ORTIZ,97
68820524,EDUARDO,ROJAS,78
32582248,HUGO,VAZQUEZ,80
42652082,JOSE MANUEL,BLANCO,13
74141235,TOMAS,ORTEGA,38
57739084,JOSEFA,BENITEZ,99
66842811,EMILIO,SOLER,74
51626604,JAIME,FERRER,73
95728552,JORDI,MOLINA,71
39722519,MARIA JOSEFA,BRAVO,33
68579203,MIGUEL,AGUILAR,87
17412261,MONICA,GIL,95
32985001,NURIA,MONTERO,61
88576804,JUAN FRANCISCO,CANO,80
95921686,MARIA SOLEDAD,PASCUAL,13
53098321,RAFAEL,SOLER,48
28768261,OLGA,HERRERA,82
54849071,MARIO,MUÑOZ,92
37338186,EMILIA,JIMENEZ,62
56048923,JOSE CARLOS,CAMPOS,78
69140383,ALBERT,VIDAL,71
46987461,ENCARNACION,MARQUEZ,44
60662290,ANA,ORTIZ,69
48336099,RAFAEL,RAMOS,52
85333683,DANIEL,CABRERA,41
96698409,FELIPE,GUERRERO,68
10462651,DAVID,CARRASCO,72
39660418,OSCAR,RAMOS,82
52547232,PAULA,VELASCO,56
36003529,JULIA,GUTIERREZ,78
45522020,ALBERTO,RAMOS,28
83335581,AITOR,FERRER,85
37644219,MARIA MERCEDES,VICENTE,18
56357836,JUAN ANTONIO,VICENTE,73
86829236,GONZALO,CABALLERO,18
78452372,DANIEL,RUIZ,65
89509083,GREGORIO,SUAREZ,20
55954192,JOSE ANGEL,ALONSO,70
50951707,MARIO,SOLER,33
74226457,VICTOR,FERNANDEZ,18
15611088,AMPARO,NUÑEZ,24
47595013,CESAR,MORENO,53
74218205,JOSEFINA,SANTOS,72
67676673,JOSE ANTONIO,MENDEZ,12
69132872,HUGO,MEDINA,47
96119479,JORDI,GALLEGO,21
36178419,RAMON,FERRER,66
19048975,JORGE,MENDEZ,26
50991808,CAROLINA,ESTEBAN,26
55084943,MOHAMED,ALONSO,32
55947917,JOSEFINA,RAMIREZ,60
94679892,MARIA CARMEN,GALLEGO,31
59999113,ALEJANDRO,MORA,46
77036530,ISABEL,MORA,20
63232776,JORGE,MUÑOZ,12
56631064,MARIA LUISA,ROJAS,30
28224274,ALFONSO,MORALES,87
62666172,FRANCISCO JAVIER,LOZANO,62
77441445,JOSEP,CRUZ,24
21082151,MARIA ROSARIO,CABRERA,55
87439954,CONSUELO,GIMENEZ,13
58245691,OLGA,LOPEZ,95
91434982,BEATRIZ,FUENTES,15
57418801,CRISTOBAL,MARQUEZ,82
18234853,ESTEBAN,HERNANDEZ,88
12724072,JOSE ANTONIO,GARRIDO,24
25073239,EMILIO,HERRERO,18
68825539,ANA MARIA,MARIN,60
74192770,LIDIA,VIDAL,84
66456469,LAURA,GALLEGO,92
33861219,MIGUEL ANGEL,GOMEZ,17
57044324,RICARDO,FERNANDEZ,97
37464892,YOLANDA,CALVO,36
79730485,ROSARIO,SANZ,51
77208721,EVA,MONTERO,59
89957053,MARIA SOLEDAD,SUAREZ,78
35048531,FERNANDO,FERRER,30
94742038,BEATRIZ,LOPEZ,75
68351740,EVA MARIA,RUBIO,22
20576173,MOHAMED,SANZ,14
12123810,JUAN ANTONIO,GUTIERREZ,30
25276295,IGNACIO,AGUILAR,64
36809189,ROSA MARIA,MORENO,58
32160743,MARGARITA,MUÑOZ,41
59590480,MARGARITA,ALVAREZ,76
58236745,MARIA ANGELES,GUERRERO,42
48869229,ALBA,DIEZ,20
85794219,CARLOS,GALLEGO,42
32810235,PABLO,MOLINA,20
72936008,JESUS,IGLESIAS,45
44612263,MARIA DOLORES,ROMERO,78
98375613,MARIA CARMEN,VICENTE,43
60281356,CARLA,GUERRERO,94
49696217,CRISTIAN,LORENZO,97
44701616,ANA MARIA,GALLARDO,15
45187482,JESUS,CALVO,17
98138327,SARA,CANO,71
17739088,JORGE,CRUZ,60
25695934,IGNACIO,LOZANO,56
75567214,MARIA ELENA,CARRASCO,80
26694066,ROSARIO,IBAÑEZ,32
57185046,OLGA,LEON,59
44245620,MARIANO,IGLESIAS,54
64813719,CATALINA,HIDALGO,69
10685163,ANDREA,ORTIZ,64
51832442,MARTIN,PARRA,39
88839858,ROBERTO,ALONSO,70
58380027,ALFONSO,CAMPOS,30
97677582,CARMEN,ROMAN,17
41948204,SALVADOR,MOLINA,46
70824319,ISMAEL,SANTIAGO,76
56959249,MARIA ELENA,FERRER,10
91847133,ANGELA,PASTOR,89
24705781,MONTSERRAT,ROMERO,76
52873142,JUAN LUIS,ORTIZ,42
93488391,GREGORIO,JIMENEZ,79
79647718,GONZALO,FERNANDEZ,97
51085409,JULIAN,DIAZ,34
36459860,JULIAN,VARGAS,17
33190609,MARIA MERCEDES,GARRIDO,40
51852571,ESTHER,CAMPOS,21
44989492,ENCARNACION,MOYA,20
25334477,FRANCISCA,VIDAL,32
89054745,INES,VARGAS,89
91730701,MARIA ELENA,SAEZ,13
90449477,BEATRIZ,VELASCO,76
19917849,LAURA,GALLEGO,83
67011103,SILVIA,VAZQUEZ,23
12661128,JOSEFA,NUÑEZ,67
49543234,ESTEBAN,FERNANDEZ,58
38483883,ANDREA,SERRANO,28
55505189,EMILIA,BLANCO,57
96291161,CONCEPCION,FLORES,91
65041347,FERNANDO,MENDEZ,13
84900133,CLAUDIA,GOMEZ,29
92620035,JORDI,GUTIERREZ,92
69042708,OLGA,DELGADO,43
40730943,ENCARNACION,ROMAN,21
81970537,ANDRES,IGLESIAS,92
24305726,IGNACIO,FERNANDEZ,10
60221254,JOSE RAMON,REYES,60
76341885,LUISA,AGUILAR,83
77529685,MARIA TERESA,PRIETO,10
70821022,LUISA,NIETO,35
36209914,SERGIO,RAMOS,54
30822682,MARIA LUISA,ALVAREZ,91
66768798,ROBERTO,MEDINA,35
37153811,LIDIA,VICENTE,42
70138343,JUAN ANTONIO,AGUILAR,22
26784461,PURIFICACION,TORRES,41
56801086,MARIA ISABEL,CALVO,30
61397287,ALBERTO,GIL,58
58627697,MARIA CONCEPCION,CARMONA,24
89103777,MARIA SOLEDAD,SUAREZ,58
46700901,SAMUEL,DELGADO,45
13719115,ALBA,HIDALGO,83
59129977,CONCEPCION,NAVARRO,53
46769827,SUSANA,MOLINA,19
86827301,JOSE MANUEL,DOMINGUEZ,36
80505830,DOMINGO,VEGA,81
57462695,GUILLERMO,DELGADO,74
85897884,GREGORIO,PASCUAL,47
71166747,CAROLINA,CARRASCO,39
16054072,EVA,GARCIA,100
56035512,MIRIAM,FLORES,75
49805077,SAMUEL,MORALES,94
50342306,LUIS,PEÑA,10
20503486,GONZALO,FUENTES,14
32847873,RUBEN,ALVAREZ,36
73562956,MARIA,FERNANDEZ,83
91322015,ELENA,VAZQUEZ,35
60285575,JOAQUIN,CASTILLO,82
87756262,ALBERTO,GARCIA,32
48763700,CELIA,TORRES,87
18600504,JUAN ANTONIO,ORTIZ,54
69656025,SANTIAGO,BENITEZ,97
69121796,SERGIO,GUTIERREZ,41
92712077,TERESA,GIMENEZ,30
69598735,MARIA,PARRA,55
16027100,MARIA ANGELES,MUÑOZ,29
83904031,JUAN LUIS,IBAÑEZ,68
45726943,NURIA,MOLINA,36
25551080,NICOLAS,VAZQUEZ,61
12338478,SUSANA,CRUZ,76
86868093,MARIO,CABALLERO,79
23915414,GUILLERMO,SANCHEZ,10
15712789,ALVARO,RAMOS,29
26219613,LORENA,MORALES,68
15671854,PATRICIA,HERNANDEZ,18
28726300,FRANCISCA,ARIAS,86
63225415,FERNANDO,ROMAN,80
59114087,NATALIA,MEDINA,47
52012706,ALEJANDRO,PRIETO,44
94780362,ANA ISABEL,PRIETO,54
28044893,MOHAMED,HERRERA,31
20191408,EVA,SANTOS,36
41338647,CAROLINA,ESTEBAN,79
96626440,MIRIAM,SOTO,47
97285385,VERONICA,ESTEBAN,93
48672997,MARTIN,RAMIREZ,66
10201706,EDUARDO,RODRIGUEZ,63
17905398,GREGORIO,SANZ,47
62151967,MARIA JOSE,ALONSO,65
36509389,JULIAN,JIMENEZ,74
33527848,MARIA JOSEFA,CRUZ,70
56398076,TOMAS,GARRIDO,58
24882951,JUAN ANTONIO,TORRES,60
54549177,CELIA,MUÑOZ,91
11729084,LUIS MIGUEL,GALLEGO,10
17598946,JOAQUIN,BLANCO,79
21718180,ANTONIA,MORENO,93
83704184,CRISTOBAL,LORENZO,35
43617156,JUAN ANTONIO,ROMAN,37
17742271,AITOR,IBAÑEZ,96
27732474,MANUEL,MOYA,41
15299189,SERGIO,DIAZ,12
25218618,LUCIA,IGLESIAS,72
60400438,VICENTE,SAEZ,29
64245436,MARIA NIEVES,GOMEZ,42
16856415,SUSANA,RAMIREZ,86
53323713,MARIA,DELGADO,25
82035364,JUAN LUIS,LEON,84
92416415,JUAN ANTONIO,BENITEZ,77
69913670,IVAN,ORTEGA,87
17211293,INES,PRIETO,89
36964481,JUAN CARLOS,DELGADO,14
22915455,MANUEL,CAMPOS,14
48539008,RUBEN,GALLARDO,21
92307338,ANA ISABEL,CANO,84
33545288,MARIA JESUS,SANTOS,35
71094721,MARCOS,GONZALEZ,61
37817141,ANTONIO,VICENTE,92
96020131,AURORA,CARMONA,72
11489077,EVA MARIA,LOPEZ,60
44494511,MARIA,VEGA,96
65979640,JOSE MIGUEL,SANTOS,70
40906830,LORENA,LOZANO,28
91372310,JOSE LUIS,DELGADO,86
28597438,MARIO,CABALLERO,96
76841157,MARIA CARMEN,FERNANDEZ,34
16616957,FRANCISCO JOSE,VICENTE,82
77673860,ALEJANDRO,PARRA,74
97251705,GLORIA,PARRA,27
84297051,ANA,DIEZ,22
93285922,MARIA DOLORES,ALVAREZ,51
10287818,MARTA,CASTILLO,85
81816425,DOMINGO,ROMERO,96
48524223,EVA,SERRANO,22
11657100,SALVADOR,IGLESIAS,63
83716019,ALBA,MARTIN,34
15212809,PEDRO,NUÑEZ,81
63368472,JOSE ANTONIO,NIETO,26
75693812,MARIA JESUS,MEDINA,56
95169076,LUISA,GOMEZ,74
90815007,MARIA NIEVES,GALLARDO,59
84126382,SERGIO,FUENTES,38
33127564,ALFREDO,CARMONA,54
30993565,JOSE MANUEL,CAMPOS,19
87685063,NOELIA,GOMEZ,63
95494714,HUGO,CASTILLO,58
70222820,JOSE MANUEL,MUÑOZ,10
47979444,LIDIA,MARTIN,55
27565621,LORENZO,CAMPOS,35
44076953,DOMINGO,MONTERO,72
65799826,JORGE,MOLINA,35
56269369,MARIA MERCEDES,DELGADO,17
38800208,JULIO,FLORES,29
14305717,JOSE,CORTES,37
66700776,JORGE,ROJAS,87
17888778,ANTONIA,ROJAS,65
69368979,MARTA,HERRERO,31
76465474,JOSE RAMON,FLORES,16
85588305,MARIA DOLORES,SERRANO,44
22516224,MARIA SOLEDAD,VIDAL,18
90237512,JUAN MANUEL,PEREZ,27
61219151,IVAN,VIDAL,22
58052272,ANDRES,MORENO,43
70276062,EDUARDO,DIAZ,18
56445323,FRANCISCO JOSE,CABALLERO,38
86060612,ALBERTO,ARIAS,50
50338043,CRISTINA,HERRERO,63
92566312,MARIA NIEVES,GOMEZ,77
16859042,MARIA SOLEDAD,RUIZ,46
36388814,FERNANDO,HERNANDEZ,96
77972715,MARIA ELENA,REYES,49
61922367,MARIA CARMEN,ALONSO,56
37488249,ALFONSO,CABALLERO,97
87723130,MANUEL,GUERRERO,91
79008224,EMILIA,CORTES,60
29760278,INES,CALVO,33
65031155,LUCIA,SAEZ,71
66738409,HUGO,GIL,25
48415614,JOSE RAMON,AGUILAR,74
85598084,ROBERTO,VIDAL,26
37234863,JESUS,GALLEGO,77
25329140,EMILIA,MONTERO,81
56776190,MARIA NIEVES,CARRASCO,57
58661167,INES,VAZQUEZ,49
94546804,PAULA,CASTILLO,46
69062843,ENCARNACION,SERRANO,79
68450220,DOMINGO,MARQUEZ,46
18074299,JOSE RAMON,GUERRERO,73
19094885,MILAGROS,PASCUAL,39
89914428,ESTHER,NUÑEZ,43
94663747,ADRIAN,PRIETO,66
41362220,ROSA,MARTIN,14
36747049,ROSA MARIA,MORA,21
89023163,CELIA,NAVARRO,33
22006566,ANA MARIA,SANTANA,46
41164489,JOSE,SANZ,54
30750749,RUBEN,MENDEZ,50
36293592,LUIS MIGUEL,RAMIREZ,16
65325513,MONTSERRAT,PASCUAL,66
58996927,DOLORES,LEON,59
55419913,SERGIO,LORENZO,79
62017371,JOSE MARIA,LOPEZ,65
61328731,CARLOS,CORTES,55
89091011,JOSE CARLOS,MARIN,78
69758733,MARIA,CAMPOS,46
59232340,FRANCISCO JAVIER,ROJAS,20
51015249,JULIAN,CARMONA,91
21423144,CRISTINA,CABRERA,41
11699468,MARIA NIEVES,MORA,51
37385898,AGUSTIN,RODRIGUEZ,31
81137295,MARIA ROSARIO,MORENO,15
86063387,ANA MARIA,CABRERA,32
39733438,JESUS,ESTEBAN,35
92465841,CATALINA,PEÑA,69
67904236,DOLORES,NIETO,35
55983511,IRENE,DURAN,100
77754651,LIDIA,TORRES,64
84216193,MARIA ANGELES,VICENTE,16
30604506,FRANCISCO JAVIER,CASTRO,83
99842117,NURIA,HERNANDEZ,65
43684989,JOAN,VARGAS,19
11614298,MIRIAM,MARTINEZ,71
38707727,ANA BELEN,ORTIZ,20
19451538,PABLO,SOTO,27
66587492,MARIA NIEVES,NUÑEZ,80
84963533,MARIA ISABEL,DURAN,89
56830283,GABRIEL,LEON,86
53821147,CARLA,CASTILLO,87
39118340,LUISA,SOLER,59
20248128,ANGELES,NAVARRO,99
11434535,VICENTE,MORENO,96
75159344,JUAN MANUEL,SOLER,52
18119690,NOELIA,GIL,61
19353929,LAURA,RUBIO,100
90178790,YOLANDA,ROMAN,96
59372621,VICTOR MANUEL,DELGADO,48
44567749,VICTORIA,LORENZO,43
36319550,DAVID,MOYA,43
53500858,SAMUEL,SANTANA,24
54878630,ALBERTO,BENITEZ,18
61205629,SUSANA,VELASCO,55
28633099,SERGIO,SANTANA,83
57878627,ANA ISABEL,VAZQUEZ,85
93728798,TOMAS,IGLESIAS,20
24789591,PILAR,ORTEGA,46
76025848,AURORA,SANZ,66
20069748,LIDIA,GARCIA,43
15658600,LUIS MIGUEL,RUIZ,14
16609884,MARIA JESUS,DELGADO,87
10347978,CARLA,ROJAS,42
88119084,ANDREA,GUTIERREZ,70
20562697,ROSA,CAMPOS,16
80670508,JOSE RAMON,HERRERA,36
94087519,ESPERANZA,MORENO,24
73937454,LIDIA,HERRERO,44
38188105,ANDRES,VIDAL,35
49478747,NATALIA,GIMENEZ,88
87786245,CARLOS,ARIAS,32
77300929,RAQUEL,GALLARDO,10
64317842,DOLORES,MOYA,18
56878255,MARIA SOLEDAD,NIETO,77
69459967,VICENTE,DIEZ,50
20282241,MARIA ROSA,PASTOR,82
40300476,NATALIA,IBAÑEZ,92
77901599,ROSARIO,JIMENEZ,72
63787994,MARGARITA,MEDINA,32
95416076,ESTEBAN,SANZ,50
56016939,ROCIO,IBAÑEZ,97
70055883,SALVADOR,SERRANO,28
16882792,MARIA SOLEDAD,LOZANO,23
35710200,JOAN,MARQUEZ,62
29473864,VICTORIA,HERRERO,95
43625715,IRENE,ALVAREZ,89
93466827,MARIA ANGELES,MUÑOZ,80
26056940,CRISTOBAL,ROMERO,93
31769338,LIDIA,IGLESIAS,47
28176127,LUISA,SANTIAGO,100
54630803,MARIA ANGELES,SANCHEZ,41
73807118,ALEJANDRO,SAEZ,28
96156991,LUIS MIGUEL,IBAÑEZ,60
18126628,MARIANO,PASTOR,52
12187990,INES,CANO,98
73904056,LUIS MIGUEL,LOPEZ,75
88830781,MARIA MAR,PEÑA,85
11204817,LORENZO,ESTEBAN,58
60355610,CELIA,ALONSO,88
69179240,ANTONIO,NUÑEZ,32
26414144,ANDREA,MARQUEZ,39
76125192,SILVIA,SUAREZ,72
78616136,ROSARIO,GARCIA,36
97799665,MIRIAM,HIDALGO,37
89624760,ALEJANDRO,HERRERO,63
84453852,JUAN CARLOS,AGUILAR,16
71215601,LAURA,PRIETO,31
97967591,EDUARDO,MARQUEZ,71
48596132,ADRIAN,VARGAS,83
16737813,DIEGO,SANTOS,97
49095977,NATALIA,PARRA,26
47989931,LORENA,GIL,41
46414251,ANDREA,GIL,94
11802342,JULIO,RODRIGUEZ,65
77325108,EMILIA,CABRERA,76
83528051,JOSEP,VAZQUEZ,81
47449354,ANA BELEN,VIDAL,32
68638842,RUBEN,MOYA,88
58954600,SOFIA,CRUZ,26
87343657,ESTEBAN,ROJAS,61
55477503,MIGUEL,PARRA,87
42178339,CESAR,MOLINA,28
25118681,MARIA JESUS,DIAZ,14
38170772,MARIA ANTONIA,MORA,49
99857791,NURIA,IBAÑEZ,82
31174370,ALBA,LOPEZ,76
30722315,RICARDO,MOLINA,99
73958285,NURIA,MARTIN,40
70119689,LUISA,CANO,27
57594579,RUBEN,HERNANDEZ,70
14710596,VERONICA,GUERRERO,98
87006733,JOSE MARIA,GONZALEZ,27
53152076,EVA,SOLER,18
49827206,INES,MENDEZ,44
62220453,ANGEL,GARCIA,18
21181135,DAVID,REYES,91
67336986,IVAN,IBAÑEZ,20
47347242,JOSE MARIA,IBAÑEZ,15
53546922,CONSUELO,TORRES,31
57367354,JAVIER,MARQUEZ,10
14118364,ROBERTO,VICENTE,81
49694120,GUILLERMO,VAZQUEZ,54
45817532,EVA MARIA,DOMINGUEZ,73
47819367,GUILLERMO,MONTERO,69
96734993,EMILIO,DOMINGUEZ,87
34393910,ALBA,ARIAS,29
20116281,MARIA ANGELES,MARTINEZ,29
18789570,JOSE ANGEL,SOTO,96
94364667,CELIA,CRUZ,28
75540754,MARIA JOSE,CALVO,14
43791821,AMPARO,SERRANO,46
26745526,NICOLAS,SAEZ,15
54155351,ENRIQUE,CARMONA,11
50644779,JOSE ANGEL,CASTRO,63
45660537,JOSEFINA,SANCHEZ,25
96761485,FERNANDO,VAZQUEZ,52
21528471,CELIA,GUTIERREZ,17
40045874,JESUS,MORALES,83
67605889,JUAN CARLOS,NIETO,49
55415083,JOAN,RAMIREZ,21
45283996,IVAN,CRUZ,88
79827178,SILVIA,ROMERO,60
47275214,JUAN FRANCISCO,HIDALGO,67
12398754,SONIA,HERRERA,14
56164144,MARINA,CAMPOS,26
23065846,JOSE MIGUEL,SANCHEZ,87
24393745,ALICIA,CRESPO,13
57503678,DOLORES,RODRIGUEZ,79
33227661,FRANCISCO JOSE,IGLESIAS,17
74497180,MARIA TERESA,MORENO,82
88260532,BEATRIZ,RAMIREZ,82
14920065,JOSEFINA,HIDALGO,78
33877052,CATALINA,VIDAL,13
86743063,FRANCISCO,VELASCO,19
90560984,MILAGROS,MARIN,41
67372558,MARIA,SAEZ,25
72049235,AURORA,SANTANA,94
68118561,MARIA LUISA,RODRIGUEZ,33
25958671,SANTIAGO,NAVARRO,60
56080260,ANA ISABEL,VELASCO,91
78845482,AITOR,NUÑEZ,66
79516992,JOSEFA,DELGADO,21
55997481,SAMUEL,HERRERA,85
82560013,MERCEDES,RAMOS,89
79828807,HECTOR,SERRANO,57
55764496,NATALIA,NUÑEZ,34
12396877,BEATRIZ,HERRERO,92
40260049,GREGORIO,CARRASCO,42
45566365,JOSE LUIS,MORA,83
64040455,CARLA,GARRIDO,68
77735055,ANA,MORENO,93
54296754,MILAGROS,CABALLERO,44
60486166,LUCIA,ALVAREZ,41
90515194,JUAN,MORALES,44
78761040,JOSE ANTONIO,HIDALGO,37
80223422,LUCIA,SOTO,71
89399439,SOFIA,GALLARDO,73
56213546,FELIPE,HERRERO,89
32140355,CLAUDIA,VICENTE,41
42833760,ESPERANZA,ORTIZ,36
36681683,JAIME,AGUILAR,81
61687630,NEREA,DELGADO,77
73667257,ANGEL,CALVO,54
48926735,CRISTOBAL,CAMPOS,52
88678046,ENCARNACION,BRAVO,62
18204936,MONICA,VICENTE,78
60503660,SANDRA,RUIZ,14
19425305,GUILLERMO,MONTERO,12
65625131,CONSUELO,FLORES,79
13706824,ANTONIO,MONTERO,12
64949586,OLGA,SOTO,87
88715066,MIGUEL,MOLINA,71
74931641,JORDI,VIDAL,81
18115964,MARIA ROSARIO,MOYA,65
73759610,JOSEFINA,LOZANO,73
92552244,JORDI,MORALES,86
32969633,JOSE ANGEL,DURAN,54
98125704,SANDRA,RODRIGUEZ,49
43793408,VERONICA,LOZANO,54
68049752,RICARDO,RUIZ,29
78875243,CARLA,HERNANDEZ,48
18856717,LUIS,AGUILAR,89
72484207,JUAN CARLOS,FERNANDEZ,42
73862300,JUAN,HIDALGO,55
16967839,RAFAEL,LORENZO,27
82391113,IGNACIO,LOZANO,71
34410364,MARIO,PASCUAL,78
69622486,JORGE,RAMIREZ,78
26457938,ESTHER,CARMONA,58
69922483,ISMAEL,PASTOR,64
51274160,PURIFICACION,PASCUAL,64
39771011,SILVIA,HERNANDEZ,69
91950530,ANTONIA,RUBIO,19
76124516,JOSE MARIA,GIMENEZ,68
86373997,FRANCISCO JOSE,ORTIZ,22
20365871,CONCEPCION,CASTRO,41
24880573,MONTSERRAT,MOLINA,76
57588427,NATALIA,ROMERO,43
83924550,MARGARITA,GALLARDO,31
23779871,JOSE MIGUEL,RAMIREZ,55
85632960,MARIA TERESA,GUTIERREZ,23
79012450,JULIA,SANTOS,25
73700551,ISABEL,DOMINGUEZ,93
38024702,YOLANDA,MUÑOZ,73
62198087,JOSE,DELGADO,44
89127043,JOSEP,GALLARDO,85
81154368,MARIA NIEVES,BRAVO,59
49879742,CRISTINA,ESTEBAN,44
81196696,DANIEL,MENDEZ,62
46537020,ADRIAN,VAZQUEZ,60
69680610,SERGIO,FUENTES,25
98358729,ALFREDO,NUÑEZ,56
41480921,MILAGROS,SUAREZ,16
81074277,JOSE CARLOS,GOMEZ,62
60373535,MARIA DOLORES,VARGAS,36
70718013,MONICA,RAMOS,26
12986264,LORENA,HIDALGO,25
86030699,MARIA TERESA,ALONSO,30
18066501,JUAN ANTONIO,REYES,57
49005200,VICTOR MANUEL,LOPEZ,60
51191916,SOFIA,GOMEZ,65
41537857,MARIA NIEVES,HERRERO,83
10495638,RAUL,SOTO,33
47500286,VICTOR MANUEL,NAVARRO,16
63107624,MARIA,ESTEBAN,37
82274503,CLAUDIA,LEON,53
13480611,ANDREA,SAEZ,92
87289090,RAFAEL,ORTIZ,70
44678598,MARIA TERESA,MORENO,61
86250204,FRANCISCO JOSE,CRUZ,20
81324509,SONIA,ROMAN,13
88320415,ALFONSO,CAMPOS,31
34252428,NURIA,DURAN,55
92637255,TERESA,ORTIZ,39
71391735,CELIA,AGUILAR,81
30388238,JOSE IGNACIO,PEÑA,37
63108709,SALVADOR,SOTO,85
21951081,JOSE ANTONIO,VICENTE,44
41658040,JOAQUIN,GALLEGO,73
86383581,JOSEFA,PEREZ,98
66584345,FRANCISCO,LORENZO,29
87519027,VERONICA,MORA,41
99396706,LUIS,FUENTES,41
57731091,PAULA,MARTINEZ,60
83149554,JORGE,GARRIDO,59
41336835,ANDREA,NAVARRO,34
54378134,MARIO,FLORES,70
92330242,ALBA,MORENO,22
66489213,CARLA,CORTES,20
15672820,JORDI,HERNANDEZ,81
34038970,AMPARO,LOPEZ,67
89302660,ALEJANDRO,CRESPO,14
49367683,FRANCISCO,DIEZ,96
21414992,GUILLERMO,TORRES,86
94110102,EVA,NUÑEZ,99
89730308,CARMEN,CASTRO,31
70325001,LUISA,CRUZ,79
26244489,LUCIA,CABALLERO,44
49366683,JOSE MANUEL,HERRERA,61
21096045,FRANCISCO JOSE,DELGADO,20
77901146,JUAN MANUEL,MORA,76
83468812,RAMON,VAZQUEZ,31
32066826,JOSEP,GARRIDO,73
69842044,CESAR,LORENZO,84
46219889,MERCEDES,MARTINEZ,44
11370209,LAURA,SOTO,99
94052113,OLGA,SANZ,29
79924902,JAIME,NAVARRO,43
20402957,SANTIAGO,CANO,10
99501554,MANUEL,RODRIGUEZ,72
29987160,FERNANDO,PEÑA,29
39505860,MARIA,ALVAREZ,38
28857960,MERCEDES,DOMINGUEZ,98
15719413,ANA ISABEL,RODRIGUEZ,72
44311228,ANGEL,LEON,58
99098739,DOMINGO,REYES,25
12507897,JOSEFA,MARIN,47
53490637,MARINA,RUBIO,72
50838735,CRISTINA,LORENZO,79
52731801,SARA,CORTES,29
34178852,CRISTOBAL,BLANCO,53
76435002,PATRICIA,DURAN,68
94729387,DOLORES,ORTIZ,15
48277866,CELIA,GALLEGO,36
92156001,CARLOS,IGLESIAS,79
44959815,JOSE IGNACIO,MUÑOZ,49
12339999,SANDRA,IGLESIAS,64
94617882,OSCAR,CALVO,14
53943894,ROCIO,SANTOS,41
76943286,ELENA,MORA,35
12892446,MARGARITA,GONZALEZ,52
80521542,LIDIA,GIMENEZ,68
36460673,MARIA,NAVARRO,56
57842536,ANGELES,DELGADO,14
64651063,MARIA MAR,ARIAS,65
96270804,LUISA,GALLARDO,90
57314956,EMILIO,CASTILLO,69
27157066,GREGORIO,MARTIN,97
83741970,JOSE ANGEL,PASTOR,10
96082987,SUSANA,MARIN,14
85599811,RAMON,ARIAS,31
14594546,SANDRA,ESTEBAN,92
11610834,MARIA TERESA,IBAÑEZ,79
18445923,DIEGO,MOYA,44
81756892,GONZALO,GIL,11
97788727,GONZALO,LOZANO,68
42306712,DANIEL,CORTES,35
55887325,RICARDO,CRESPO,87
10178801,OLGA,CANO,67
63853729,ANDREA,FUENTES,11
27581622,CRISTIAN,IBAÑEZ,55
12928163,CRISTINA,BRAVO,47
90557699,JOSE LUIS,IBAÑEZ,22
97589673,ANDREA,GARCIA,55
82007709,ANTONIA,BRAVO,57
10309437,SERGIO,VICENTE,97
26673228,JUANA,GUERRERO,45
76460944,JESUS,CRESPO,39
95389427,INMACULADA,ROMAN,35
43905537,SILVIA,RAMOS,73
23515091,JORDI,ESTEBAN,95
77320395,MONICA,LOZANO,86
81275518,GABRIEL,SANTANA,96
15151860,PILAR,CRESPO,83
32063925,ANTONIA,AGUILAR,54
67277477,HECTOR,SUAREZ,52
53976775,MARIA ISABEL,SANZ,50
86011698,ANA BELEN,SERRANO,56
74850438,ALBERTO,NIETO,45
62973525,ESTHER,HIDALGO,61
26605970,FRANCISCO JAVIER,ORTEGA,48
37686209,MONICA,REYES,36
84906897,PEDRO,GIMENEZ,22
82166991,AURORA,PASCUAL,71
70682964,INMACULADA,GUERRERO,22
13000345,AURORA,CORTES,76
95319231,JOSE MANUEL,ARIAS,92
96980226,MARIA ANTONIA,CARMONA,31
60503100,JOAN,LEON,44
92104858,ANA BELEN,DELGADO,10
58452215,VICTOR,CASTILLO,42
16102208,MARIA TERESA,ROJAS,21
39308567,ROCIO,RAMIREZ,23
53351212,ALFREDO,MORA,11
67063922,ANGELA,FERNANDEZ,96
12848919,MILAGROS,REYES,82
42187817,SOFIA,HERNANDEZ,39
26005029,RAUL,SOLER,13
65329126,DAVID,DIAZ,38
71956775,NATALIA,TORRES,39
78692443,JUAN MANUEL,DIAZ,10
38894518,SAMUEL,IBAÑEZ,21
61748412,HUGO,VICENTE,93
79008894,MARIA NIEVES,MUÑOZ,25
84835241,MONTSERRAT,MENDEZ,84
81177086,GONZALO,MOLINA,82
74441820,RICARDO,GONZALEZ,95
25970528,JORGE,SOLER,83
29493891,MARIA DOLORES,RODRIGUEZ,35
43567913,GLORIA,GIL,32
72586627,FRANCISCA,CRESPO,35
52995836,MARIA JOSE,HIDALGO,68
61079344,ANTONIA,RUBIO,65
53639949,MIRIAM,FERNANDEZ,50
49219572,PILAR,PEREZ,95
60410413,LUIS MIGUEL,CASTRO,35
12542034,MARTA,VARGAS,35
75716461,DAVID,DURAN,92
82064292,JORDI,HIDALGO,13
40741425,ESTHER,MOYA,94
30099509,PURIFICACION,RODRIGUEZ,79
10681701,ANDREA,FERNANDEZ,82
99132392,GLORIA,BRAVO,30
63435960,MANUEL,NUÑEZ,32
90135164,MARIA CONCEPCION,IGLESIAS,70
95392609,JESUS,ARIAS,13
52556591,EVA MARIA,SANCHEZ,92
51046912,CARLOS,DOMINGUEZ,100
63661649,IRENE,MONTERO,47
92850237,ROSA MARIA,MORA,99
86872230,EVA,FUENTES,49
21700172,MARIANO,LORENZO,55
91071955,JOSE,GUERRERO,16
63413434,ROSARIO,ROMERO,11
43282586,ROSA,MORENO,55
23138949,JAIME,TORRES,20
21161912,YOLANDA,VICENTE,98
66833413,JOSEP,HERNANDEZ,64
37858980,MARIA PILAR,SOTO,92
64459230,TERESA,CRUZ,91
73538251,EDUARDO,CABRERA,100
18205936,ESTHER,HERRERA,90
70114412,JUAN MANUEL,PEÑA,91
39480036,JOSE MANUEL,CASTRO,21
68091542,SANTIAGO,RUIZ,53
41331597,RAFAEL,ORTIZ,22
91438862,GLORIA,NUÑEZ,51
11262069,OLGA,HERNANDEZ,30
11007092,MIGUEL,LOPEZ,71
65941679,MARIA MERCEDES,CRUZ,75
50458597,JUAN JOSE,CANO,80
52986632,PATRICIA,VEGA,61
29277299,NOELIA,ALONSO,72
27407933,EMILIO,RUIZ,37
83161441,CONSUELO,MUÑOZ,48
45456737,MARIA CONCEPCION,SANTANA,25
51003814,ANA BELEN,LOZANO,76
97719294,MONTSERRAT,VARGAS,22
44911852,RICARDO,BRAVO,88
26437417,SANTIAGO,PASCUAL,13
30827352,JUANA,MORALES,22
90111453,TOMAS,VEGA,56
44172995,ESPERANZA,IBAÑEZ,38
92165518,INMACULADA,LORENZO,96
95508654,SERGIO,GALLARDO,45
57693461,MARCOS,PRIETO,39
63562114,JULIAN,NIETO,78
38571238,EMILIA,SANTOS,49
84953353,PAULA,GOMEZ,96
27862356,CAROLINA,CASTILLO,13
30251408,MARIA SOLEDAD,ROMERO,25
74957744,CARLA,PEREZ,59
78487413,JUAN LUIS,CABRERA,54
23019100,MARGARITA,GALLARDO,71
50746034,ALFONSO,VIDAL,96
74468513,JOSE CARLOS,GIL,32
77074361,LUIS,CORTES,93
70766933,ROSA,GUERRERO,51
53137208,ALFREDO,BLANCO,53
32447336,EMILIO,VICENTE,26
39824235,ROSA,CRESPO,28
82467724,MIGUEL ANGEL,CANO,62
94957530,ANTONIA,SOLER,95
36183462,HECTOR,REYES,53
67280141,SEBASTIAN,MORA,76
59968284,LUISA,MORENO,97
98961289,CRISTOBAL,FERNANDEZ,50
22557765,PURIFICACION,NUÑEZ,90
76818037,OSCAR,FUENTES,29
85898717,MARC,NUÑEZ,61
24970438,TOMAS,CRUZ,78
58914958,CESAR,HERRERA,95
32589238,ROSA,SANTOS,13
55979971,ALVARO,SANTOS,18
58485206,LUCIA,SUAREZ,32
59478085,ANA MARIA,DIEZ,73
74490846,ALEJANDRO,VELASCO,55
96055863,JAIME,MARTINEZ,18
18463506,IRENE,SANCHEZ,82
21199828,SEBASTIAN,REYES,12
77914032,OSCAR,BENITEZ,64
89396978,CARMEN,MORA,76
99648453,PILAR,CALVO,64
69398857,CONSUELO,ROMERO,65
62157829,LORENZO,NIETO,51
24241656,VERONICA,SANTOS,22
66250435,MARIA MERCEDES,PEÑA,17
35898664,SEBASTIAN,HERNANDEZ,99
92384751,MARIA SOLEDAD,PEÑA,75
72365727,CRISTINA,VAZQUEZ,75
46613981,MARIA ROSA,ORTEGA,93
53814177,OLGA,GARRIDO,21
71502236,ISABEL,MORALES,61
64775949,IGNACIO,CABRERA,75
14633980,MONICA,RAMOS,40
57114405,SERGIO,PARRA,32
68370215,AURORA,RUIZ,42
12604079,VICTOR MANUEL,LORENZO,18
31430414,PABLO,MOYA,45
93856014,MERCEDES,VEGA,92
51977407,SUSANA,GARRIDO,68
24549188,CATALINA,DIAZ,90
85872350,LAURA,GIL,81
66971866,JOSE ANTONIO,PARRA,22
69263486,FELIPE,MARTIN,83
32642274,MARIA LUISA,HIDALGO,67
82026703,NOELIA,MOYA,34
95742345,JORGE,CALVO,92
42382252,RUBEN,MORENO,34
63664818,ALEJANDRO,CALVO,61
87136532,VICTORIA,ROMERO,37
84990989,MARTIN,MOLINA,62
96850220,OSCAR,CORTES,83
20871529,JOSE RAMON,RUIZ,42
59747957,ROCIO,FUENTES,34
82026654,JORGE,MORALES,42
88932565,SARA,DURAN,86
67863210,VICTOR,BRAVO,58
57420338,MARIA ROSA,ORTEGA,57
34199524,CELIA,MEDINA,44
55216261,IRENE,MOLINA,30
48301917,MANUELA,MENDEZ,12
75145693,RAQUEL,PEÑA,78
14742640,CARLOS,HIDALGO,27
10264365,SERGIO,FLORES,77
73983328,JOSE FRANCISCO,RODRIGUEZ,30
55993658,GONZALO,VIDAL,57
35537128,JOSE MANUEL,MOLINA,77
34430629,JOSE IGNACIO,CRUZ,92
86333402,JOSE,PASTOR,83
42784175,LUIS,MEDINA,64
95710254,ALICIA,DELGADO,45
81239096,RUBEN,HIDALGO,85
74975238,ANGELES,DIAZ,12
32558818,JOSE MANUEL,DOMINGUEZ,26
18174406,ALBA,ALONSO,62
67910649,OSCAR,NAVARRO,47
57046682,LORENZO,HERRERO,28
86471861,NOELIA,SUAREZ,60
11660914,JOSE LUIS,CRUZ,59
96228007,ROCIO,MARQUEZ,55
73139132,MARC,MARTIN,35
29116644,ANGELES,MORALES,99
51376131,JOSE FRANCISCO,MEDINA,21
74018546,ALVARO,SANCHEZ,52
36940617,LUCIA,FERNANDEZ,85
65288558,MARIA SOLEDAD,SANCHEZ,58
57020448,EMILIO,ORTIZ,87
32476294,DOLORES,GUTIERREZ,29
78564978,SILVIA,ESTEBAN,87
56756942,INES,PASCUAL,40
22430842,ANGELA,SUAREZ,70
24507858,DOLORES,FUENTES,60
65134859,EMILIO,GUTIERREZ,44
22701140,SARA,PARRA,99
60332122,ESPERANZA,VAZQUEZ,18
81005318,EVA,ESTEBAN,84
54732301,ANA ISABEL,MENDEZ,60
57475508,ANA BELEN,ESTEBAN,76
21579492,MARC,MOYA,80
59002872,JESUS,GARRIDO,68
74083019,LAURA,CASTRO,50
73415393,NOELIA,CABALLERO,19
34853102,LAURA,RUBIO,35
34009199,CRISTOBAL,ESTEBAN,62
69465894,MARIA CONCEPCION,SOLER,84
65930128,SONIA,ORTEGA,55
63674700,MARIA VICTORIA,MARQUEZ,55
16199473,JOSE ANTONIO,FERRER,89
65836521,JUAN ANTONIO,GONZALEZ,69
10537208,MARIA LUISA,CRUZ,45
51106741,YOLANDA,MARTIN,60
59333271,ANTONIA,MOYA,29
77649383,VICENTE,ALVAREZ,69
28311907,AMPARO,SERRANO,38
47992389,JUAN CARLOS,SOTO,39
89491973,CARLA,ALVAREZ,60
86390339,DOLORES,DELGADO,17
42264499,ANA ISABEL,RUIZ,85
94521917,SALVADOR,RAMIREZ,59
96316509,GONZALO,SERRANO,43
66992702,ALICIA,GIL,90
36533008,JOSE MIGUEL,VELASCO,43
91876943,MARIA JESUS,SANCHEZ,56
93163705,JUAN MANUEL,VARGAS,55
66668863,SUSANA,CALVO,10
76049496,ELENA,MARTIN,29
32234967,ROBERTO,VICENTE,18
27178360,JUAN,CANO,85
19439819,IRENE,GOMEZ,51
93771721,JUAN JOSE,ARIAS,86
96836694,JUAN LUIS,MOYA,23
70048898,ALFONSO,ORTIZ,67
59591187,MARIA ELENA,CASTILLO,83
51658320,JOSEFINA,SERRANO,27
62693073,JUAN CARLOS,DOMINGUEZ,25
84108780,JUAN CARLOS,VELASCO,39
76196647,DOLORES,MARTINEZ,59
23540729,MARTIN,GOMEZ,70
70486972,MOHAMED,LORENZO,11
35803551,JOSEFA,LORENZO,29
66340353,PAULA,LOPEZ,90
47160678,VICTOR MANUEL,ROMERO,83
80865853,ADRIAN,LOZANO,75
68690943,GUILLERMO,HIDALGO,78
13888841,SANTIAGO,DIAZ,63
27972251,JESUS,RAMOS,19
99163870,ROSARIO,GARRIDO,80
63967303,MILAGROS,CABALLERO,87
33905224,CRISTOBAL,PARRA,18
92327938,ISMAEL,CASTILLO,46
24326047,ISABEL,CAMPOS,59
71078117,MARIA NIEVES,RUBIO,36
65031033,RICARDO,SANTIAGO,82
33568449,ANA MARIA,MARIN,12
12190205,JOSE FRANCISCO,DIAZ,49
80982930,LUCIA,CORTES,88
20820422,MARIA,FLORES,15
73079416,ADRIAN,RODRIGUEZ,71
29640828,MARIA SOLEDAD,MOYA,75
82465374,ALICIA,ARIAS,12
32284018,EVA,REYES,10
83646650,GONZALO,SERRANO,29
88656622,NEREA,CALVO,11
56866734,ANTONIO,MONTERO,96
23898222,GLORIA,RUBIO,10
77697503,FRANCISCA,VEGA,69
86712965,MONICA,REYES,16
80316197,DAVID,HERRERA,72
49527716,ROSA,GIL,57
64799431,SANTIAGO,ORTEGA,35
42989324,PEDRO,LOPEZ,97
51826752,IVAN,VICENTE,80
28862405,RAFAEL,CARRASCO,49
17852740,RUBEN,VICENTE,75
89936346,MARIA MERCEDES,FERRER,51
65905612,ELENA,FUENTES,21
19857856,JOSE ANTONIO,MARIN,91
71571342,RAQUEL,MOLINA,17
99119974,SANDRA,SUAREZ,86
24444971,IVAN,MORA,82
88048680,JOSEFINA,ROMAN,93
85756998,ANTONIO,GARRIDO,98
24999516,MARC,SOTO,22
17239594,MARIA ISABEL,MUÑOZ,12
63758181,MARIA CARMEN,SANTOS,58
60853842,MARIA JESUS,ORTIZ,36
82280882,DOMINGO,BLANCO,81
13637315,MARIA LUISA,CASTRO,96
75656967,CATALINA,DIAZ,84
59621960,MARTIN,MOLINA,54
32384507,ADRIAN,SANCHEZ,18
22453885,ANGELA,MARQUEZ,40
44315251,TOMAS,CARMONA,65
65560016,SALVADOR,GONZALEZ,96
75391530,JOSE ANTONIO,MONTERO,30
54275641,SANTIAGO,MUÑOZ,75
83441401,ALEJANDRO,CARMONA,11
55113646,CESAR,VEGA,78
45428680,JOSEFA,CALVO,87
76486544,MARGARITA,PARRA,66
78312648,NATALIA,MORALES,11
69889453,CARLA,GARCIA,71
46330935,JOSE IGNACIO,ROJAS,44
29776046,AITOR,MARTIN,76
32354822,JOAN,CABRERA,82
83897110,BEATRIZ,PASTOR,35
27691422,JUAN MANUEL,MORENO,41
46596870,ELENA,HIDALGO,52
89453377,JUAN,CRUZ,52
74561219,SERGIO,FLORES,73
30473286,RAMON,MARIN,94
79491866,CLAUDIA,GUTIERREZ,45
60631552,JUAN MANUEL,NIETO,60
81400840,EDUARDO,VAZQUEZ,25
70724590,OLGA,DOMINGUEZ,10
16033816,MARIA ROSA,DURAN,81
46691883,ALFONSO,MORA,86
38325367,MOHAMED,SANTOS,22
70918633,JOSEFINA,SUAREZ,98
96619730,VICTOR,CRUZ,24
59063236,GREGORIO,SAEZ,53
88474640,IGNACIO,VARGAS,42
98365105,CESAR,ROMERO,97
48200343,DOMINGO,MORALES,42
44727194,NEREA,BENITEZ,56
62289327,SILVIA,GUTIERREZ,35
47661449,MOHAMED,CANO,67
49234766,JOAN,RUIZ,91
48498158,GUILLERMO,CRUZ,67
79625825,ROCIO,CASTRO,84
37783728,MONTSERRAT,MARQUEZ,77
11434919,SONIA,SANCHEZ,17
62423673,PAULA,GUTIERREZ,84
49342674,MARIO,PEREZ,46
25402956,MARIA JESUS,ROMAN,22
97354729,ROSA,SAEZ,68
54158463,BEATRIZ,DURAN,78
24997783,JOSE RAMON,HERNANDEZ,35
49146939,EMILIO,JIMENEZ,39
21446371,JOSE IGNACIO,FERNANDEZ,11
25736227,ROCIO,SOLER,15
49763047,CONSUELO,VEGA,44
35865664,MARIA JOSE,REYES,36
94557009,ANTONIA,HERRERA,66
90176753,ALICIA,ROMERO,64
43520615,MARGARITA,CARMONA,46
85767659,INES,CASTRO,86
39330844,IVAN,GUTIERREZ,40
12915930,MERCEDES,SERRANO,82
23117199,JOSE MARIA,MARTIN,80
99268604,MARTIN,SANTIAGO,69
53297765,JOSEFA,HERNANDEZ,87
18343344,ISMAEL,LOZANO,21
33662421,SANTIAGO,DIEZ,81
41311731,ESTHER,MORA,65
56792290,SILVIA,VICENTE,16
43921120,LORENZO,GOMEZ,20
48570312,VICTOR,MORENO,13
76956793,FRANCISCO JAVIER,GIL,95
74464591,CELIA,DURAN,71
16121685,TERESA,ORTEGA,65
78386243,JOAN,MORENO,87
12509462,DANIEL,SOLER,69
50919799,TOMAS,MENDEZ,47
70449532,MARIA CARMEN,ESTEBAN,93
25075477,ALFONSO,PASTOR,91
68169032,VICTORIA,SERRANO,22
70304746,JOSE,RODRIGUEZ,35
66764801,LAURA,SANCHEZ,60
73339159,ISABEL,ALONSO,49
83177121,CARLOS,GUTIERREZ,26
76926427,MARIA JOSEFA,GARCIA,38
42339789,IGNACIO,LORENZO,59
26014919,CARLA,FERRER,86
67559622,IRENE,SANCHEZ,15
41695650,JUAN LUIS,SANZ,18
15287458,CARLA,CARMONA,40
49228960,AMPARO,MOYA,23
84340781,GONZALO,ROJAS,40
33467398,MILAGROS,NAVARRO,68
29640081,JUAN ANTONIO,BLANCO,16
80119565,EVA,BRAVO,37
55023149,ALFREDO,RAMOS,13
74511295,DOLORES,RAMOS,72
22265116,SAMUEL,ALONSO,64
11485036,ENCARNACION,LOZANO,26
93283983,ANDREA,BRAVO,64
79854946,FERNANDO,MENDEZ,58
96934556,VICENTE,VEGA,18
95130158,DIEGO,CANO,62
98331209,ISABEL,ORTEGA,76
12127801,INMACULADA,RAMOS,18
92482145,FRANCISCO JOSE,SOTO,57
64166006,CRISTOBAL,IBAÑEZ,10
47660041,ALBERT,GARCIA,54
90900190,AITOR,HIDALGO,59
99139255,FRANCISCA,LOZANO,81
99366191,GREGORIO,RAMOS,90
82200371,AITOR,CANO,99
50016797,ANGELA,CABRERA,59
43708410,VICTORIA,SAEZ,82
61881462,VICENTE,GARRIDO,78
87360961,ALBERTO,DELGADO,93
89626391,MARIA TERESA,IGLESIAS,57
87019209,MARIA CONCEPCION,HERRERO,20
31605936,GREGORIO,RUBIO,78
74606348,NURIA,MORALES,42
11438723,PURIFICACION,SANTOS,17
84372924,ALBA,CARRASCO,52
12939738,PABLO,NAVARRO,26
76092610,MANUELA,REYES,84
27997186,VICTOR,GIMENEZ,74
43306818,ESTEBAN,CABRERA,38
45315120,MARIA VICTORIA,GOMEZ,61
68328322,FRANCISCO,SUAREZ,48
41803209,SONIA,CANO,44
99340605,ANA BELEN,GOMEZ,49
29892153,MOHAMED,GUTIERREZ,55
52038633,CARLOS,SANTANA,29
52451832,CARLA,MOLINA,77
35063286,JUANA,VEGA,18
60297974,EVA MARIA,CABRERA,49
14085137,ENRIQUE,GALLARDO,36
85386565,ANA,RAMOS,16
46439755,VICTOR,REYES,93
17621772,IRENE,RAMIREZ,31
62232623,HUGO,CASTRO,96
33879201,MIGUEL ANGEL,BRAVO,27
94359083,EMILIA,VIDAL,34
92634928,MARIA ANGELES,FUENTES,43
16334087,JOSEFINA,SUAREZ,38
27245997,MARIA MERCEDES,GARCIA,18
87365254,PABLO,SUAREZ,52
74011064,ALFREDO,ROJAS,70
54746411,JAVIER,GIL,82
26879345,MARIA JESUS,FERNANDEZ,44
61726929,MARIA NIEVES,FLORES,16
81068924,JESUS,SANTOS,35
44055871,DIEGO,MARTIN,35
70004414,JOSE LUIS,RODRIGUEZ,53
73255915,JUAN,CABALLERO,49
42400424,MARIA PILAR,HERRERA,38
69063731,MARIANO,MORA,29
88706967,CLAUDIA,DURAN,11
28044347,CONSUELO,CASTRO,66
71562878,FERNANDO,HERRERO,20
43245539,CLAUDIA,NIETO,70
49395997,CARLA,HERRERA,62
12222427,ELENA,SOLER,85
13211876,PATRICIA,ESTEBAN,32
62929534,PURIFICACION,JIMENEZ,60
64355200,ANGELES,HERRERO,34
40459477,ALBERT,MARQUEZ,30
39265405,MARINA,FERRER,94
25575930,MARIA ISABEL,LEON,66
59238056,NICOLAS,NUÑEZ,53
94857848,MARIA,IGLESIAS,23
58001721,GABRIEL,ARIAS,35
18228063,LIDIA,MARTINEZ,69
58729159,FRANCISCO,CAMPOS,49
47291968,SANTIAGO,ORTEGA,30
15980001,GONZALO,BLANCO,29
69905406,ANA,SANTANA,14
55090325,LAURA,GARRIDO,63
54966569,SERGIO,CASTRO,52
90623582,MARC,SANTOS,75
52177111,MARIA ANTONIA,CORTES,88
71776606,JULIO,CORTES,89
91329378,SAMUEL,IGLESIAS,35
41034150,MARIA DOLORES,MORALES,74
29093378,LUIS,LOZANO,40
49597640,FRANCISCA,DURAN,75
94879936,PATRICIA,MENDEZ,28
61197943,ANGELES,PRIETO,10
62493474,ANTONIA,CRUZ,97
41886335,PEDRO,PASTOR,47
75588535,MARGARITA,MOYA,100
57546757,VICTOR MANUEL,RUIZ,46
94372240,EMILIO,BLANCO,66
60962547,ALFREDO,PEÑA,45
64127897,JULIAN,SOLER,12
15113664,GABRIEL,LORENZO,32
75802915,ROCIO,CANO,94
29341219,VERONICA,GOMEZ,53
58573980,MONICA,SANCHEZ,100
27615251,ANA,RAMIREZ,31
44035496,SERGIO,SANTOS,80
49113178,INES,PARRA,16
48899256,JULIA,MOYA,70
38906471,LUIS MIGUEL,GALLEGO,36
25307012,PABLO,HERRERO,38
52420749,MARIA ANTONIA,RODRIGUEZ,82
28116584,DAVID,CANO,49
39519461,JOSE MANUEL,VELASCO,21
36882141,MARIA VICTORIA,SANTIAGO,99
35765589,JOSE FRANCISCO,PEREZ,98
86252132,INES,BLANCO,19
48776292,LORENA,CANO,96
53822527,LUISA,MORENO,93
35036901,YOLANDA,LEON,31
57411758,IRENE,SOLER,60
93525845,JUAN,SANTANA,51
28649257,ALICIA,LOPEZ,36
97412186,ESTHER,SANTOS,39
88837663,CRISTIAN,PASCUAL,17
15270921,CELIA,GUERRERO,79
23753185,VICTOR MANUEL,CRUZ,40
39182935,SONIA,BLANCO,31
89145252,LUCIA,GALLEGO,41
91601625,JUAN LUIS,REYES,73
52800800,JUAN CARLOS,CABALLERO,72
36703938,INES,ORTIZ,17
66578863,MARIA TERESA,PEÑA,93
96583095,FRANCISCO JOSE,PASTOR,48
77814584,MARC,GARRIDO,83
46592982,ENCARNACION,CARMONA,81
74143850,ADRIAN,CORTES,99
71429457,PABLO,PASTOR,44
16955218,MARTA,ROJAS,41
31847071,MIGUEL ANGEL,LOPEZ,15
31538322,ROBERTO,CALVO,24
58941741,DOLORES,MOLINA,77
88268417,VICTOR MANUEL,NAVARRO,25
53377634,PILAR,VELASCO,14
15771348,FERNANDO,PASCUAL,17
32732069,FRANCISCO,SANTANA,58
50575982,FRANCISCA,ESTEBAN,87
48025477,MARIA ROSARIO,DURAN,15
78131038,MARIA CONCEPCION,GARCIA,90
76681189,MARIA ELENA,SERRANO,39
70363538,ISABEL,PARRA,96
66373704,NOELIA,FLORES,57
34680212,SONIA,SOTO,93
99818048,OLGA,SOLER,58
19934846,PILAR,CAMPOS,100
35827141,CRISTIAN,AGUILAR,33
19497050,CAROLINA,BRAVO,35
46740288,ANDRES,MOYA,65
50135659,NATALIA,GIL,36
54830247,ANA ISABEL,RUBIO,87
56979206,FERNANDO,GONZALEZ,62
76830575,RAMON,GALLEGO,28
84240728,MONTSERRAT,MOLINA,80
26518838,ANTONIA,HERNANDEZ,52
73882830,SANTIAGO,MARTIN,95
34844175,MARIA MERCEDES,SANTANA,93
79616352,CARMEN,GUERRERO,61
86208751,LAURA,FERRER,47
42765588,ANDREA,NUÑEZ,33
88111069,SILVIA,GALLEGO,95
59359263,CATALINA,SANCHEZ,83
54582444,ROSA,ROMERO,40
78857404,JOSE RAMON,NIETO,35
60987310,INMACULADA,SANZ,90
46460924,TERESA,HERRERO,52
99715421,JOSE RAMON,GARCIA,86
68847211,CAROLINA,NAVARRO,63
36971338,ISMAEL,SERRANO,59
60411929,PATRICIA,RODRIGUEZ,63
98498095,PAULA,MEDINA,84
45020971,PABLO,LEON,41
81213585,JUAN JOSE,MORALES,100
93510701,ANGEL,PASCUAL,78
68398240,ROSA MARIA,VELASCO,34
95221255,JUAN JOSE,ALONSO,27
46137371,ROSA,LOPEZ,26
52688033,SALVADOR,ARIAS,52
74323196,DOLORES,MARTIN,16
89338605,INMACULADA,ROJAS,84
38841450,ISMAEL,ROMERO,53
71807515,MARIA PILAR,ORTIZ,90
47692269,MANUEL,ALVAREZ,24
90366134,JULIA,VEGA,76
25892921,EVA,RUBIO,28
63359139,DIEGO,SERRANO,35
51620936,MARIA JESUS,BRAVO,38
23263229,IVAN,SUAREZ,38
92471302,JOAN,CRUZ,17
75301237,ANGELA,ROMERO,69
55889505,MARIA MAR,GONZALEZ,65
79407182,PATRICIA,BRAVO,82
54122687,GREGORIO,ALONSO,83
71087364,MARIA LUISA,NIETO,17
30980719,ADRIAN,ROMERO,72
45040088,RICARDO,BLANCO,90
50911026,MONTSERRAT,CORTES,72
10374953,JUAN JOSE,VELASCO,42
33753180,MARIA ROSARIO,SOTO,84
88857577,MARIA TERESA,DURAN,83
69070710,GREGORIO,RUBIO,51
56763606,GUILLERMO,CABRERA,46
31317368,GUILLERMO,GARCIA,89
82408050,NATALIA,CASTILLO,28
90245784,MARIANO,ROJAS,100
93432807,EMILIA,LORENZO,84
14401754,JUAN CARLOS,DIAZ,20
97321884,SEBASTIAN,DOMINGUEZ,71
72268017,NATALIA,HERNANDEZ,15
80774002,MANUELA,FERRER,79
16850722,JOSE RAMON,DIEZ,99
83800158,MARIA CONCEPCION,GOMEZ,80
39689505,MIRIAM,CRUZ,42
26881983,JULIAN,BLANCO,55
39051822,MERCEDES,BLANCO,86
64568723,MARIA ROSARIO,VIDAL,16
31252221,ANGELES,DURAN,87
94384283,MARIA ISABEL,GUERRERO,82
68562600,CATALINA,FERNANDEZ,26
56477291,PAULA,SANZ,10
15478963,CATALINA,FUENTES,35
82434951,VERONICA,CRUZ,25
41236487,RICARDO,NAVARRO,91
94181593,JUAN FRANCISCO,MUÑOZ,89
10405920,MARIA ANGELES,SANTANA,19
45722239,JUAN CARLOS,CAMPOS,85
12247341,ANGELA,ROMERO,60
75827525,LUIS,CRESPO,63
15534605,MARIA ISABEL,CRESPO,15
94835561,JOSE ANTONIO,ARIAS,69
79070932,CARLOS,REYES,70
87406734,MONTSERRAT,GIMENEZ,76
34188093,CAROLINA,RUBIO,92
25490642,MOHAMED,MARIN,22
89278332,JOSEFA,VARGAS,38
72654838,JULIAN,CABRERA,99
45444056,JUAN CARLOS,MORENO,39
26273833,MARIA JOSE,SANCHEZ,43
66491677,CONSUELO,VAZQUEZ,24
18494920,JOSE CARLOS,ORTIZ,40
50812543,IVAN,MOLINA,43
47367877,MARIA ELENA,VEGA,85
31214128,SERGIO,FERRER,31
97222646,MARINA,RAMOS,84
78502794,MARC,GALLEGO,11
22392510,ROBERTO,MORALES,62
53640265,PEDRO,MARTINEZ,27
88230260,INES,CRESPO,90
82263313,JUAN LUIS,SERRANO,92
48987951,MONTSERRAT,LEON,12
62512858,EVA,MORENO,56
96883479,FRANCISCO JOSE,VARGAS,86
25730068,TOMAS,DURAN,64
68659575,DOLORES,CASTRO,11
32594733,GREGORIO,FUENTES,24
69155934,AGUSTIN,GUTIERREZ,47
14167465,ENRIQUE,MORALES,28
81754733,LIDIA,BRAVO,52
39026626,MARIANO,PRIETO,80
95004317,JOAN,MARIN,68
69388786,MONTSERRAT,MEDINA,49
34299833,MARIA,FUENTES,36
84516670,MARIA PILAR,CABRERA,29
32476471,ALFREDO,NAVARRO,30
42503898,CRISTOBAL,DELGADO,62
65718635,ALEJANDRO,MARTIN,81
46684890,ESPERANZA,LOPEZ,39
20293056,ANGEL,FUENTES,49
26127289,FRANCISCO,MORA,88
32302075,AURORA,MORALES,96
65514724,ANA,CRUZ,70
15537049,RUBEN,PARRA,24
32998350,ISMAEL,SAEZ,51
81942084,ANDREA,MARIN,68
50217525,FRANCISCO JOSE,PASCUAL,44
86820206,AMPARO,PRIETO,19
65320001,MARINA,ROMAN,94
17589956,ALFREDO,MEDINA,60
29388780,MARIA TERESA,CRESPO,71
14602379,RAUL,MARTIN,10
40375141,SONIA,SANTANA,75
43376666,INES,VELASCO,73
54115161,BEATRIZ,ROMAN,85
24575713,ROCIO,PARRA,98
46892035,SARA,CRESPO,41
52210259,DANIEL,MARQUEZ,50
41878988,ALFREDO,NIETO,94
34239703,MARIA ROSARIO,RUIZ,71
20757389,VICTOR,ALVAREZ,57
12739467,RAQUEL,ROJAS,11
81199026,MARIA DOLORES,MARIN,28
25610982,DIEGO,GONZALEZ,83
15736322,ANTONIA,IBAÑEZ,77
14931918,ENCARNACION,GIL,77
25269647,JOSE IGNACIO,VAZQUEZ,76
48602504,VICENTE,GONZALEZ,50
71322582,SOFIA,DIAZ,29
66697489,ROSARIO,MORA,11
37918726,FERNANDO,REYES,95
33785563,JOSE ANGEL,MARTIN,41
82489974,ANGELA,RUBIO,78
22904803,ESPERANZA,FERRER,88
35089564,MARIA ROSARIO,RAMIREZ,64
38525097,MONICA,MONTERO,69
35797479,ENCARNACION,MOLINA,99
86732177,JOSE MANUEL,GUERRERO,28
50601863,JUANA,CARMONA,86
83016069,MIGUEL,PASCUAL,38
17253729,ANA BELEN,HERNANDEZ,68
10982689,MARIA ANTONIA,RUIZ,75
24163142,LUIS,SERRANO,27
66228334,ANA ISABEL,CAMPOS,94
59373341,EMILIA,CARRASCO,85
74638129,TERESA,MORENO,48
61990915,AITOR,DURAN,14
15470819,MERCEDES,SANTOS,24
69415244,PURIFICACION,LOPEZ,10
96356776,NOELIA,LEON,77
84530782,AGUSTIN,DIAZ,92
69707717,FRANCISCO JOSE,SANCHEZ,39
62516088,JORGE,LOZANO,72
89432914,INES,CARRASCO,12
20577228,MERCEDES,DIAZ,27
27113905,ANGELA,LOPEZ,78
86725161,JOSE MARIA,GARRIDO,90
87884901,ANGELES,DURAN,84
46773645,MARIA TERESA,GONZALEZ,12
57140228,PATRICIA,RAMOS,69
22354975,MONTSERRAT,PARRA,96
78088846,ROCIO,PASTOR,34
61250772,LUCIA,PRIETO,70
19934363,MONICA,MARTINEZ,44
93057428,OSCAR,ALVAREZ,76
93794873,LUIS MIGUEL,MONTERO,38
27286450,MARIA ISABEL,DIAZ,53
83782705,RUBEN,ALONSO,47
90784568,AMPARO,ROMAN,51
39007352,ESPERANZA,VICENTE,67
10988045,SEBASTIAN,HERNANDEZ,74
30824272,MARIA VICTORIA,MOLINA,64
21528973,JOSE MIGUEL,DOMINGUEZ,46
52729744,HUGO,LORENZO,14
95386765,IVAN,PRIETO,60
21146176,ANGELA,CORTES,30
49931896,JUAN,GARCIA,99
36313722,MARC,CRESPO,98
93374405,JOAQUIN,AGUILAR,55
99048699,ANA ISABEL,CASTRO,25
41963668,LORENZO,NAVARRO,40
79074960,JOAQUIN,DURAN,33
17381931,CAROLINA,JIMENEZ,28
17523584,VICTORIA,LORENZO,85
15839832,OSCAR,RUIZ,24
56618474,ALFONSO,RODRIGUEZ,76
31398314,ENRIQUE,CAMPOS,31
59925981,JOSEP,FERRER,32
65676280,MANUEL,MENDEZ,50
32500019,JOAQUIN,TORRES,88
96285067,SERGIO,PASTOR,28
54464168,ELENA,CAMPOS,73
77390769,JUAN ANTONIO,VELASCO,73
80191899,JORGE,VICENTE,29
51441587,MARIA PILAR,CASTRO,15
61005830,MIGUEL,RAMIREZ,97
28357315,JOSE RAMON,ALVAREZ,51
29341148,MANUELA,RAMOS,77
81681816,MARIA ANTONIA,LOPEZ,25
37875360,ESTHER,VELASCO,61
29102031,PILAR,HERNANDEZ,21
64679483,GABRIEL,SOLER,80
41638513,SARA,GUTIERREZ,34
33460222,JUAN,GONZALEZ,75
61035284,JAVIER,SOTO,30
16220519,SAMUEL,FUENTES,41
96362791,JUAN ANTONIO,DIEZ,57
35671042,CONSUELO,SANTIAGO,62
27564086,MARIA DOLORES,MORENO,64
99859505,EMILIA,ROJAS,77
84965489,ANA ISABEL,MARQUEZ,62
80612453,MARTA,ROMERO,17
86329497,DAVID,ROJAS,84
24153309,ANGEL,SANTIAGO,77
59684536,EVA MARIA,SERRANO,57
93379441,ANA MARIA,CASTRO,14
29494981,ALICIA,LORENZO,38
86461803,FRANCISCO JAVIER,BENITEZ,53
13100128,JOSE MARIA,GUERRERO,13
85426689,AURORA,NAVARRO,96
24615890,DIEGO,GARCIA,41
75749197,OSCAR,RUBIO,91
72235694,MARIA ELENA,GOMEZ,58
54637446,VICENTE,REYES,21
89658422,ESTHER,FERRER,89
59965696,ROSA,SANTIAGO,83
39588147,MARIA JOSEFA,PRIETO,16
70031224,MERCEDES,CAMPOS,72
76816902,JOSE CARLOS,ORTEGA,31
13995650,LUCIA,VELASCO,63
99641912,MARIA SOLEDAD,HERRERO,28
56183593,SANTIAGO,HERRERO,79
20724097,JAIME,PASTOR,62
20339821,GREGORIO,GARCIA,77
99256898,JOSE CARLOS,BENITEZ,96
66177762,JOSE MARIA,DELGADO,87
62248108,PABLO,ORTEGA,19
33580669,MOHAMED,DIEZ,32
54295099,ALBA,MORENO,59
44002395,JOSE MANUEL,RAMOS,36
72532258,CONCEPCION,GALLARDO,82
71101677,JORDI,RUBIO,93
98739639,PAULA,SANCHEZ,67
14512781,IGNACIO,BLANCO,31
92979579,SERGIO,SANTOS,62
25555507,MONTSERRAT,CALVO,57
57004171,ALFREDO,GALLEGO,36
59048581,RAFAEL,RUBIO,24
51097397,DOMINGO,AGUILAR,69
28206363,ALEJANDRO,CAMPOS,28
25033627,MARIA JOSE,GONZALEZ,73
67053306,YOLANDA,VIDAL,72
22001363,JOSE CARLOS,GUERRERO,84
97407924,MARC,SOLER,13
35254877,RICARDO,MARTINEZ,70
77165441,ANTONIA,VIDAL,59
52546030,TERESA,GUERRERO,67
84190882,CARLA,ORTIZ,38
47958283,ROCIO,SAEZ,64
80204734,JUAN FRANCISCO,SANZ,54
90089734,EVA,LOZANO,100
78343449,GONZALO,MOLINA,16
10084762,CARMEN,BENITEZ,59
61806219,IRENE,MORENO,73
14326664,ANA,DIEZ,44
21477876,CONCEPCION,GIMENEZ,17
84744191,CARLA,DURAN,50
27353752,LORENZO,ALONSO,100
93917894,ESTHER,CAMPOS,94
84345092,MARTA,DELGADO,95
55675842,MILAGROS,MUÑOZ,19
44622787,JOSE MIGUEL,GARCIA,48
16984100,SALVADOR,HERRERO,46
44529796,MARIA ANGELES,RUBIO,69
57852152,ANTONIA,SANTIAGO,49
92933215,RAQUEL,AGUILAR,87
42649582,SONIA,ROMAN,63
67072316,MARTIN,CASTRO,39
51030134,MIRIAM,IGLESIAS,78
27141091,JOSE MARIA,SANTANA,23
60715248,INMACULADA,ESTEBAN,91
46079427,HUGO,ESTEBAN,62
87194743,ROSA,MORENO,47
71356985,TOMAS,MENDEZ,87
15026419,VICTOR MANUEL,VARGAS,25
18090156,EVA,RUBIO,29
51755810,MARIA ROSARIO,ORTEGA,98
83025044,NOELIA,PEREZ,59
54575513,TERESA,SERRANO,36
61352068,MARIA ROSA,SOTO,67
34862549,SEBASTIAN,ROMAN,72
50174902,JOSE ANTONIO,VICENTE,97
92355880,ESTHER,SANTOS,72
82555577,SERGIO,PARRA,47
26780957,SUSANA,GALLEGO,14
64337882,ROCIO,CARMONA,12
56694031,MARIA LUISA,LOPEZ,79
22537486,JUAN,VARGAS,92
40360032,EMILIO,RUIZ,47
92216272,JUAN LUIS,CAMPOS,78
71984342,ALBERTO,ORTIZ,66
67495922,IGNACIO,MARTIN,52
13072361,VICENTE,IGLESIAS,28
10397469,IVAN,PASCUAL,29
14542798,JUAN CARLOS,IGLESIAS,42
64615413,NOELIA,MEDINA,13
81812961,MIRIAM,HIDALGO,47
96958059,JUAN LUIS,PASCUAL,60
27790958,MARINA,CABALLERO,34
97931760,BEATRIZ,SANZ,45
63325262,PEDRO,CRESPO,74
67701897,JOSE MIGUEL,GARCIA,29
91369419,CELIA,IGLESIAS,12
32399737,ANGELA,CABRERA,64
56264232,PURIFICACION,GIMENEZ,95
73816729,HUGO,HERRERO,84
33175582,MIGUEL,MORA,92
31105973,ALICIA,HERRERO,79
52255756,MARIA JOSEFA,GIMENEZ,52
12853270,MOHAMED,MONTERO,61
65386643,ROSARIO,SUAREZ,95
52505619,JUAN LUIS,GALLARDO,34
60079587,FRANCISCO,PEREZ,89
14797138,ROSA MARIA,SANTOS,90
94187949,SANDRA,LOPEZ,74
41542532,ENRIQUE,MARQUEZ,60
19673483,MARIA DOLORES,PASTOR,95
91939734,EVA,GUERRERO,21
93212147,CAROLINA,ROMERO,19
12585350,BEATRIZ,IGLESIAS,70
25357911,TOMAS,MARTINEZ,55
61091763,JUAN JOSE,CARMONA,83
75426907,INES,CRESPO,91
79350740,ANDRES,CRESPO,14
67664748,FELIPE,CASTRO,83
59698105,MANUEL,CARMONA,90
77048752,JOSE RAMON,PARRA,98
78914731,VICENTE,RAMIREZ,85
91235387,LAURA,VARGAS,83
50603484,GUILLERMO,PEREZ,47
25052200,MARIA JESUS,ROMERO,16
62151042,MARIA CARMEN,GALLARDO,37
31518963,DIEGO,VEGA,35
61405668,MARIA PILAR,AGUILAR,53
72661576,MARIANO,NAVARRO,81
78309571,ELENA,MARIN,66
79150573,CRISTINA,PEREZ,93
93119214,ANDREA,SANZ,88
11800260,JOAQUIN,ORTIZ,29
66933591,RAFAEL,CARMONA,42
14601815,JOSEFINA,PRIETO,48
51966574,EDUARDO,IBAÑEZ,92
19049820,DANIEL,DIEZ,85
36598724,SEBASTIAN,MONTERO,41
60700962,ROBERTO,CANO,52
74998817,LAURA,SANCHEZ,84
15483204,SONIA,GUTIERREZ,94
50119628,CRISTINA,JIMENEZ,69
57534512,JOSE CARLOS,GOMEZ,68
51368566,JOSE ANTONIO,VAZQUEZ,20
23109947,DIEGO,ROMAN,23
68356469,MARIA NIEVES,NIETO,45
25591151,MIGUEL ANGEL,SANCHEZ,37
95502056,JUAN JOSE,PASCUAL,55
32304654,JOSE RAMON,MORA,58
28431237,JAIME,BRAVO,48
22135314,MARINA,JIMENEZ,22
47180168,DIEGO,BENITEZ,10
62834572,MARCOS,MORENO,75
47483597,ROBERTO,AGUILAR,56
94655512,CRISTINA,RUBIO,75
83636204,VICENTE,VELASCO,92
70904974,ALFREDO,VIDAL,13
32972814,SUSANA,FLORES,80
15041331,SARA,MEDINA,63
83430581,DOMINGO,NAVARRO,11
89014675,MARIA ISABEL,SANTANA,60
74096117,ANTONIO,GARRIDO,73
35596441,RAUL,MUÑOZ,98
84521271,EDUARDO,GALLARDO,24
33775440,SAMUEL,BLANCO,93
33824862,ELENA,MOYA,81
35457194,MARIA ANGELES,RUIZ,44
73646688,ELENA,RAMOS,96
62140345,CESAR,LORENZO,86
92605912,ANA ISABEL,ROJAS,81
22424423,MARIO,GUERRERO,38
21220749,GREGORIO,CALVO,94
16713385,ALBERTO,SOLER,35
73010954,MARIA LUISA,PEÑA,48
79332339,SONIA,ORTIZ,91
68716930,PABLO,NIETO,35
63455344,OLGA,ORTIZ,74
69120419,ANTONIA,VEGA,50
82432025,MARC,FUENTES,13
86715587,JOSE MANUEL,FUENTES,34
19367737,MANUEL,MUÑOZ,93
99193922,JOSE CARLOS,MARTINEZ,84
25011713,JOSE ANTONIO,PEÑA,47
72710183,MARTA,RAMIREZ,69
95767060,ANGELA,TORRES,15
86502503,LAURA,DIEZ,86
57795612,MARCOS,ORTEGA,34
28287600,AGUSTIN,RODRIGUEZ,74
40049301,PATRICIA,ROJAS,72
51032036,FERNANDO,LEON,99
22803177,IGNACIO,MARTINEZ,86
68242785,MARCOS,ALVAREZ,21
71700123,JUAN CARLOS,REYES,24
94731033,ANGELA,NAVARRO,100
76020011,PEDRO,SUAREZ,34
78830459,SAMUEL,AGUILAR,94
69607541,JORDI,SANTIAGO,81
75857007,LIDIA,MOLINA,97
78804881,MARIA JESUS,MARQUEZ,24
93324670,JAVIER,CARMONA,85
53868566,LUISA,DIEZ,84
73240381,LUIS,MORA,45
26616254,MARIA ANTONIA,HERNANDEZ,11
87469522,JULIO,MORENO,82
40525648,LIDIA,ROMAN,82
34377109,ESPERANZA,NUÑEZ,49
93871845,LAURA,DIAZ,52
87644974,ROSARIO,SANCHEZ,67
12772159,ALICIA,DELGADO,55
18680716,CARLOS,FUENTES,88
97260832,AGUSTIN,MORA,67
22050762,MARIA TERESA,ESTEBAN,80
99348541,MANUELA,HERNANDEZ,31
78098749,ANDRES,MARIN,61
82171189,JOAQUIN,MOYA,33
72027215,ENRIQUE,ALVAREZ,92
98035468,ESTHER,MARQUEZ,67
86992103,FRANCISCO JAVIER,MARQUEZ,38
72512003,MARTA,RAMIREZ,96
82453845,LUIS,LORENZO,53
74468325,NEREA,CANO,32
14960695,MARC,CARRASCO,45
24548340,EVA MARIA,CRUZ,45
34741301,JUAN ANTONIO,MORA,67
40616043,SAMUEL,ARIAS,18
36228377,MARINA,ARIAS,36
52000851,FRANCISCO JAVIER,PEÑA,48
36796942,RAFAEL,CABALLERO,15
66374329,ROBERTO,JIMENEZ,52
67629191,TERESA,SERRANO,62
57625501,RICARDO,IBAÑEZ,88
49757599,VICENTE,SANCHEZ,17
17351282,MOHAMED,VAZQUEZ,72
55787960,GLORIA,MOLINA,24
80034085,RICARDO,PASTOR,39
14381827,MARIANO,LEON,19
27419398,PAULA,CASTILLO,88
23936849,FRANCISCO JAVIER,SANTANA,92
28845374,IRENE,ROJAS,90
99019937,RAFAEL,MORENO,11
60882708,EVA,CALVO,44
22861319,OSCAR,ALVAREZ,81
28713862,LORENZO,CARMONA,49
29560946,AURORA,ESTEBAN,20
98329938,MARIA,VELASCO,80
98078961,ANGEL,DURAN,89
85673085,JUAN,GIMENEZ,47
59420829,MARIA PILAR,FLORES,40
24572631,MARIA MERCEDES,NIETO,21
78793152,MARIA,GARCIA,55
31285078,ESPERANZA,MARTINEZ,66
56866114,NICOLAS,DIAZ,33
14619223,FRANCISCA,MORENO,71
11942709,JOSE IGNACIO,VARGAS,96
98757784,NEREA,FUENTES,85
49596983,ANGELA,BRAVO,42
85278938,ESTHER,MEDINA,43
80560419,RAMON,MOYA,22
43641944,JUAN JOSE,DOMINGUEZ,58
62340524,VICTORIA,RUIZ,69
49926331,JUANA,GARRIDO,68
86007099,HUGO,RAMIREZ,94
84767298,MARIA JESUS,MARTINEZ,91
41362599,JULIAN,CANO,89
87016179,IRENE,DIEZ,56
20825183,MARIO,LOZANO,40
24109321,ALEJANDRO,LOZANO,87
52507885,CONCEPCION,CORTES,39
16968399,CRISTIAN,LOZANO,49
84750984,LUIS MIGUEL,SANTIAGO,58
42350323,JULIA,CRUZ,49
95029823,AMPARO,AGUILAR,90
19954535,MARIA PILAR,GARCIA,37
71980420,JORGE,GALLEGO,56
53754397,ENCARNACION,NAVARRO,12
52127775,TOMAS,ARIAS,86
26373516,LUIS MIGUEL,CRUZ,18
78205036,FRANCISCO,CRUZ,76
71618673,SEBASTIAN,ALVAREZ,85
66347071,EVA MARIA,BRAVO,97
75087428,JOSE,ROMERO,13
63759097,ANTONIO,PEÑA,40
51447309,GUILLERMO,SANCHEZ,76
99415621,ENRIQUE,NUÑEZ,17
18339397,MARIA DOLORES,RAMIREZ,35
21202386,JOSE,NAVARRO,65
76241511,RAFAEL,SUAREZ,57
11645544,CLAUDIA,PEREZ,92
16198063,FRANCISCO,ALONSO,70
29500359,MARIA ISABEL,ALONSO,16
87276343,AMPARO,BENITEZ,88
83403098,JOSE ANTONIO,ROJAS,54
38290071,JULIA,VARGAS,79
59345321,SEBASTIAN,MARTINEZ,21
45764868,ESPERANZA,JIMENEZ,95
23433893,ROSA,CORTES,18
42513902,AMPARO,SOLER,58
24006064,INES,MEDINA,74
14172120,VICTORIA,CARMONA,18
30674873,ANTONIA,IGLESIAS,88
33196166,RUBEN,MOLINA,44
44556179,IVAN,MORENO,66
45424709,MIRIAM,VARGAS,44
72851003,RAMON,CANO,78
95006219,MARIA ANTONIA,NIETO,87
89216205,VICTOR,CRESPO,24
17709705,ESTEBAN,CABRERA,71
71958458,MANUELA,IGLESIAS,90
12897234,MANUELA,GONZALEZ,55
57500148,ENRIQUE,NIETO,74
77112093,MARIA JESUS,ROMERO,25
16857944,JUANA,NAVARRO,91
21624790,DANIEL,HIDALGO,37
30488525,SARA,CARRASCO,14
19476047,CARLOS,AGUILAR,45
36173173,MARIA DOLORES,GUERRERO,24
43183889,INMACULADA,CAMPOS,15
96231183,ALBA,SOTO,73
33078848,MOHAMED,ROMERO,58
99109297,MONICA,SERRANO,28
94054757,CARMEN,CANO,77
26377879,RAMON,ESTEBAN,76
90752055,ENRIQUE,RUBIO,61
34513290,ROSARIO,TORRES,17
25283776,JESUS,JIMENEZ,36
42195151,JOSE CARLOS,VICENTE,47
75242939,JUAN LUIS,MORALES,11
27857834,ESTHER,CARMONA,28
88305189,NURIA,CABALLERO,79
24557214,JAIME,DIEZ,24
22450841,MARTA,BLANCO,52
13225065,INES,MARTIN,63
82149590,MARIA ROSARIO,CRUZ,81
20839955,ROSA,SOTO,33
55689569,IGNACIO,TORRES,10
56676793,OSCAR,MORALES,85
60706878,ANTONIA,HERRERO,42
44789069,ELENA,SANTIAGO,15
55709191,MANUELA,FERNANDEZ,40
58353894,ROSARIO,FUENTES,80
41702826,ELENA,MEDINA,82
78304165,LORENA,GIMENEZ,84
90729696,NATALIA,ORTEGA,57
35344612,ANDREA,SAEZ,32
20963131,MARIA ROSARIO,PEÑA,71
31885337,VICTORIA,LEON,40
61495418,ALFREDO,GARCIA,66
94003566,MARIA JESUS,RUBIO,66
18847097,ANA BELEN,VAZQUEZ,13
88819232,SERGIO,BENITEZ,55
94495768,ROSARIO,NIETO,59
75138208,ADRIAN,PEÑA,51
96818989,EDUARDO,MONTERO,83
58913159,JUAN MANUEL,CRESPO,47
80256522,SANTIAGO,DIAZ,92
34725340,MANUELA,MORALES,71
61519324,SUSANA,MORALES,58
37527489,FRANCISCO,GARRIDO,45
79988697,VICTOR,GALLARDO,95
84502432,JOAN,SANCHEZ,58
87191331,JUAN ANTONIO,VAZQUEZ,87
91154622,MIGUEL ANGEL,FUENTES,48
62289620,AURORA,LOZANO,33
21234613,IGNACIO,GALLARDO,38
94747933,GONZALO,PASCUAL,29
14685527,PILAR,GUERRERO,78
37136320,MARIA CONCEPCION,GUERRERO,35
49997294,FRANCISCO JOSE,GIL,18
22651721,PAULA,CANO,99
49514551,CRISTOBAL,SANZ,36
60366637,SONIA,SAEZ,56
82705637,ANGEL,AGUILAR,41
66304434,SONIA,SAEZ,98
62092327,JOSE ANGEL,RAMIREZ,38
85817672,JOSE ANTONIO,SANTANA,78
13005375,MARINA,RUBIO,50
54954022,SERGIO,TORRES,78
13386896,MARGARITA,SERRANO,66
50099884,SEBASTIAN,VAZQUEZ,73
70239679,EDUARDO,FERNANDEZ,54
45593204,MARIA ROSA,GIL,52
65534191,SEBASTIAN,JIMENEZ,83
12031473,ANTONIO,CANO,44
96940296,MARIA MAR,ROMERO,17
47443648,MARIA ELENA,HERRERA,31
74437238,MARTIN,GIMENEZ,90
12104740,MARIA JOSE,ESTEBAN,96
73897707,CATALINA,ORTIZ,52
13538902,CLAUDIA,GIL,31
54922127,GABRIEL,MEDINA,32
65659045,LIDIA,PEREZ,29
40127844,ALBERTO,MOLINA,94
74686650,ROBERTO,MORALES,82
27499317,JUAN JOSE,HERNANDEZ,84
48472552,MARIA JOSE,FERNANDEZ,18
76290053,AMPARO,ORTIZ,63
90071891,JULIA,HERRERO,60
52666598,RAMON,MARIN,15
10273032,MERCEDES,PASTOR,59
67342126,GLORIA,MARQUEZ,12
29045198,SUSANA,FUENTES,26
45032971,ALICIA,GONZALEZ,17
93258480,LAURA,FLORES,69
66918356,JOSE ANGEL,MONTERO,80
61485420,MILAGROS,NAVARRO,95
79295145,RAQUEL,HERNANDEZ,33
48211898,JOSE ANGEL,MOYA,88
26218443,ISABEL,CORTES,52
79115217,OLGA,GALLARDO,62
52056402,GLORIA,BRAVO,12
38715487,GABRIEL,SANTOS,80
28926646,ANTONIA,GARRIDO,61
19016295,BEATRIZ,PEREZ,16
78478686,LORENA,GUTIERREZ,94
36883123,NICOLAS,PASTOR,80
95581453,VICTOR MANUEL,RODRIGUEZ,64
85350408,MARCOS,MOYA,58
12595655,VICTOR,VIDAL,16
43663990,CELIA,RUBIO,76
38873584,SUSANA,RODRIGUEZ,69
14532602,HUGO,MARIN,42
86323185,ELENA,PASCUAL,90
64618576,DANIEL,CARMONA,64
68648958,FRANCISCO JOSE,MARTINEZ,41
81397217,ANDREA,ARIAS,54
80706406,MARTA,LOZANO,65
34868451,JUAN CARLOS,FLORES,73
73437027,MARIA ISABEL,RUBIO,28
62471365,LORENZO,IBAÑEZ,34
60184829,JOSE ANGEL,PRIETO,81
53059904,CRISTIAN,DELGADO,52
53781361,IGNACIO,SERRANO,81
65407019,INMACULADA,DURAN,46
85206753,MARIA MAR,MONTERO,63
21381089,ALBERTO,PRIETO,43
97078994,PEDRO,ORTEGA,81
79912910,MARIA CARMEN,RUIZ,77
64361947,MARTA,SAEZ,84
73240543,JOSE MIGUEL,RAMIREZ,67
65282654,BEATRIZ,GALLARDO,82
68570568,ENRIQUE,SERRANO,65
51178368,FRANCISCO JAVIER,NUÑEZ,98
21801477,RAUL,GIL,73
33601455,LUISA,REYES,63
84512228,ANTONIA,DOMINGUEZ,86
87213104,MARIA ROSA,SANTOS,61
66002353,ROSA,DURAN,14
76779417,SANTIAGO,VEGA,14
62731254,ISABEL,PRIETO,62
31501021,MARIA DOLORES,IGLESIAS,94
56005880,RAMON,CABRERA,70
20085233,MILAGROS,BLANCO,76
45378385,JOSEFINA,DIEZ,56
88142832,TERESA,LOZANO,22
20707761,SOFIA,GUTIERREZ,49
94768736,ISMAEL,PEREZ,53
90308839,MANUEL,LORENZO,42
70976922,ROSA,SANCHEZ,86
96548631,NEREA,GARRIDO,32
49672740,ANGELA,HIDALGO,36
91913796,CLAUDIA,IBAÑEZ,74
52816729,MARTIN,TORRES,21
66987409,ANA,CORTES,11
43196252,RAUL,MENDEZ,44
38061876,CELIA,ALVAREZ,35
95983918,SONIA,RAMOS,36
86460837,ALICIA,SANTOS,25
99478564,PABLO,MARTINEZ,20
93400848,IVAN,VELASCO,74
49564292,CARLOS,GALLEGO,56
33934326,PEDRO,NUÑEZ,64
46084312,JORGE,BENITEZ,10
48984525,SONIA,LORENZO,47
27584790,INES,MORENO,28
21347376,CAROLINA,GALLARDO,20
88985090,JAVIER,MONTERO,91
36489709,GUILLERMO,VIDAL,36
87675148,SAMUEL,ALVAREZ,14
43412740,MARIA ROSARIO,ORTIZ,11
75757304,ISMAEL,ORTEGA,51
44430009,MARIA TERESA,SUAREZ,71
50132405,VERONICA,BRAVO,85
98928773,INES,PASTOR,90
28690546,MARC,GOMEZ,80
49038612,SANDRA,MOLINA,57
48310175,ROSA MARIA,ORTEGA,74
58734112,AURORA,SERRANO,31
95951029,EMILIO,CASTILLO,78
67655842,CAROLINA,BENITEZ,74
48456435,EVA MARIA,ORTIZ,95
91883536,OLGA,IGLESIAS,53
92270134,FRANCISCO,VARGAS,14
56568979,ALBERTO,ARIAS,50
83494736,LORENZO,GIL,68
